,title,address,price,url,type,bedrooms,rooms,bathrooms,surface
0,RENTA DEPARTAMENTO EN RESIDENCIAL MARSELLA AV. DEL IMAN AL SUR DE LA CIUDAD DE MEXICO,"Ciudad de México, 1 Av del Iman",14.500 MXN,https://www.properstar.es/listing/82122144,Piso,2 habitación/es,2 Habit.,2 Baño.,70 m²
1,RENTA AMPLIO DEPARTAMENTO CERCA POLANCO COL. POPOTLA,"Ciudad de México, 37 Mariano Escobedo",15.500 MXN,https://www.properstar.es/listing/81903291,Piso,3 habitación/es,3 Habit.,2 Baño.,140 m²
2,"DEPARTAMENTO EN RENTA EN LOMAS DE CHAPULTEPEC, EXCELENTES CONDICIONES.",Ciudad de México,54.500 MXN,https://www.properstar.es/listing/81144862,Piso,4 habitación/es,3 Habit.,3 Baño.,261 m²
3,"AMPLIA CASA EN RENTA EN AV. DEL CONVENTO, SANTA ÚRSULA XITLA","Ciudad de México, 34 Avenida del Convento",23.900 MXN,https://www.properstar.es/listing/77003430,Casa independiente,2 habitación/es,2 Habit.,2 Baño.,215 m²
4,Departamento en renta Polanco,Ciudad de México,60.000 MXN,https://www.properstar.es/listing/73777075,Piso,3 habitación/es,3 Habit.,4 Baño.,257 m²
5,RENTA CASA EN CONDOMINIO SAN NICOLAS TOTOLAPAN AL SUR DE LA CIUDAD DE MEXICO,"Ciudad de México, 18 PUENTE CUADRITOS",21.000 MXN,https://www.properstar.es/listing/81754876,Casa con terraza,4 habitación/es,4 Habit.,3 Baño.,250 m²
6,"DEPARTAMENTO EN RENTA EN EXCLUSIVO DESARROLLO BE GRAND CONTADERO EXCELENTE ALTURA, VISTA MAGNIFICA, $25,000.00",Ciudad de México,25.000 MXN,https://www.properstar.es/listing/76417699,Piso,2 habitación/es,2 Habit.,2 Baño.,124 m²
7,"Piso para alquiler en Ciudad de México, México","Ciudad de México, Privada Horacio",60.000 MXN,https://www.properstar.es/listing/79321662,Piso con terraza,,3 Habit.,3 Baño.,240 m²
8,RENTA DEPARTAMENTO AMPLIO EN SANTA FE RESIDENCIAL TERRE,"Ciudad de México, 245 Av. Javier Barros Sierra",26.000 MXN,https://www.properstar.es/listing/81386699,Piso,3 habitación/es,3 Habit.,2 Baño.,155 m²
9,Renta departamento en Polanco cerca del Liceo,"Ciudad de México, 132 Sófocles",75.000 MXN,https://www.properstar.es/listing/80657414,Piso,,3 Habit.,3 Baño.,320 m²
10,"Piso para alquiler en Lomas de Chapultepec, Ciudad de México","Ciudad de México, Sierra Vertientes",60.000 MXN,https://www.properstar.es/listing/80476939,Piso,,3 Habit.,3 Baño.,300 m²
11,"Piso para alquiler en Mexico City, Mexico","Ciudad de México, Privada de Tamarindos",64.000 MXN,https://www.properstar.es/listing/79211658,Piso amueblado,,3 Habit.,3 Baño.,326 m²
12,Rento departamento amueblado y sin amueblar en Polanco,"Ciudad de México, 40 Goldsmith",35.000 MXN,https://www.properstar.es/listing/79687625,Piso,6 habitación/es,3 Habit.,2 Baño.,155 m²
13,"Piso para alquiler en Ciudad de México, México","Ciudad de México, Av. Secretaría de Marina",45.000 MXN,https://www.properstar.es/listing/79256261,Piso,,3 Habit.,3 Baño.,326 m²
14,Acogedora casa en renta con jardín privado,Ciudad de México,24.000 MXN,https://www.properstar.es/listing/82271486,Casa con terraza,3 habitación/es,3 Habit.,2 Baño.,176 m²
15,Departamento Dos Recamaras en Venta Parque Via Reforma,Ciudad de México,20.000 MXN,https://www.properstar.es/listing/82296365,Piso,2 habitación/es,2 Habit.,2 Baño.,90 m²
16,SE RENTA DEPARTAMENTO EN COLONIA DEL VALLE NORTE,Ciudad de México,18.000 MXN,https://www.properstar.es/listing/82271436,Piso,2 habitación/es,2 Habit.,2 Baño.,65 m²
17,"¡¡¡¡ EXCELENTE DEPARTAMENTO EN RENTA, SUPER AMPLIO, RECIÉN REMODELADO EN LA COL. NÁPOLES !!!!",Ciudad de México,21.500 MXN,https://www.properstar.es/listing/82198540,Piso,3 habitación/es,3 Habit.,2 Baño.,104 m²
18,"Renta departamento, 2 recámaras, 2 estacionamientos. Zona Polanco, área corporativa y comercial, edificio con gimnasio, salón eventos, espacios de convivencia. Vista panorámica. Seguridad y vigilancia. Restaurantes, departamentales, servicios, andadores para caminar.",Ciudad de México,26.500 MXN,https://www.properstar.es/listing/82149130,Piso,5 habitación/es,2 Habit.,2 Baño.,90 m²
19,DEPARTAMENTO EN RENTA DE 3 HABITACIONES Y 2 ESTACIONAMIENTOS A UNA CALLE DE LA PLAZA COMERCIAL PORTAL CENTRO,Ciudad de México,12.000 MXN,https://www.properstar.es/listing/82225641,Piso,3 habitación/es,3 Habit.,1 Baño.,60 m²
20,DEPARTAMENTO AMUEBLADO EN LA DEL VALLE CON ESTUDIO Y ROOF.,"Ciudad de México, 825 Gabriel Mancera",23.900 MXN,https://www.properstar.es/listing/82225644,Piso,2 habitación/es,2 Habit.,2 Baño.,109 m²
21,Departamento con vista preciosa Be Grand Contadero,"Ciudad de México, 5804 carretera Mexico-Toluca",22.500 MXN,https://www.properstar.es/listing/82122145,Piso,2 habitación/es,2 Habit.,2 Baño.,96 m²
22,"RENTO DEPARTAMENTO EN COSMOCRAT SANTA FE $18,500","Ciudad de México, 307 Prol. Paseo de la Reforma",18.500 MXN,https://www.properstar.es/listing/82174417,Piso,6 habitación/es,2 Habit.,2 Baño.,81 m²
23,"Incomparable Casa en Renta, Ideal para Diplomáticos o Altos Ejecutivos Lomas de Chapultepec 5 Recámaras, Una Sola planta mas Salón de recepciones.",Ciudad de México,150.281 MXN,https://www.properstar.es/listing/82174334,Casa independiente,5 habitación/es,5 Habit.,5 Baño.,555 m²
24,"Renta departamento, 2 recámaras, 2 estacionamientos, línea blanca. Zona Polanco, área corporativa y comercial, edificio con gimnasio, salón eventos, espacios de convivencia. Vista panorámica. Seguridad y vigilancia. Restaurantes, departamentales, servicios, andadores para caminar.","Ciudad de México, 453 Av. Ejército Nacional",27.500 MXN,https://www.properstar.es/listing/82149127,Piso,5 habitación/es,2 Habit.,2 Baño.,90 m²
25,Departamento amueblado en renta colonia Nàpoles,"Ciudad de México, Vermont",15.000 MXN,https://www.properstar.es/listing/82174304,Piso,1 habitación/es,1 Habit.,1 Baño.,45 m²
26,"Departamento en Renta Colonia Condesa, Cuauhtémoc, Ciudad de México.",Ciudad de México,18.500 MXN,https://www.properstar.es/listing/82122193,Piso,3 habitación/es,2 Habit.,2 Baño.,87 m²
27,"Renta departamento de 2 recámaras, 2 baños, 2 estacionamientos, bodega en Latitud Polanco. Gimnasio, Salón de eventos, Roof garden con espacio para reuniones y fogateros. Zona corporativa y comercial. Cerca Hospital Español.","Ciudad de México, 453 Av. Ejército Nacional",28.000 MXN,https://www.properstar.es/listing/82149132,Piso,5 habitación/es,2 Habit.,2 Baño.,90 m²
28,"Renta departamento y bodega, 2 recámaras, 2 estacionamientos, línea blanca. Zona Polanco, área corporativa, gimnasio, salón eventos, espacios de convivencia. Vista panorámica. Seguridad y vigilancia.",Ciudad de México,29.000 MXN,https://www.properstar.es/listing/82149129,Piso,5 habitación/es,2 Habit.,2 Baño.,90 m²
29,"Departamento en Privada Equus, cerca de Universidad Anahuac",Ciudad de México,18.600 MXN,https://www.properstar.es/listing/82148907,Piso,7 habitación/es,2 Habit.,2 Baño.,86 m²
30,"Increíble LOFT AMUEBLADO en Col. Granada, Polanco",Ciudad de México,22.000 MXN,https://www.properstar.es/listing/82225643,,1 habitación/es,1 Habit.,1 Baño.,47 m²
31,"Departamento en renta, 2 estacionamientos, con balcón y roof garden privado","Ciudad de México, 167 PAMPAS",16.000 MXN,https://www.properstar.es/listing/82198464,Piso,3 habitación/es,2 Habit.,2 Baño.,75 m²
32,Departamento en renta en Gran Tower del Valle,Ciudad de México,26.000 MXN,https://www.properstar.es/listing/82198461,Piso,3 habitación/es,3 Habit.,2 Baño.,88 m²
33,"EXCELENTE DEPARTAMENTO EN RENTA EN PISO 2 CON 2 CAJONES DE ESTACIONAMIENTO, EN EDIFICIO DE TAN SOLO 4 DEPARTAMENTOS EXCELENTE UBICACION",Ciudad de México,11.000 MXN,https://www.properstar.es/listing/82225646,Piso,,,,65 m²
34,En renta moderno departamento de 155m2 amueblado con terraza en La colonia San José Insurgentes.,"Ciudad de México, 155 SAGREDO",28.000 MXN,https://www.properstar.es/listing/82122142,Piso,8 habitación/es,2 Habit.,2 Baño.,155 m²
35,Renta departamento Colonia Militar Marte,"Ciudad de México, 150 PLAYA ENCANTADA",8500 MXN,https://www.properstar.es/listing/81958012,Piso,2 habitación/es,2 Habit.,1 Baño.,69 m²
36,Cómodo Departamento con balcón en la Colonia del Valle a media cuadra del parque Tlacoquemecatl,"Ciudad de México, 72 Cerezas",14.000 MXN,https://www.properstar.es/listing/81986967,Piso,3 habitación/es,2 Habit.,1 Baño.,69 m²
37,DEPARTAMENTO EN RENTA COLONIA ÁLAMOS SEGUNDO NIVEL EXTERIOR CON BALCON,Ciudad de México,13.700 MXN,https://www.properstar.es/listing/82041617,Piso,2 habitación/es,2 Habit.,2 Baño.,65 m²
38,Rento Departamento en Santa Fe - Cuajimalpa Residencial La Campiña (Mantenimiento Incluido),"Ciudad de México, Av. Vasco de Quiroga",25.000 MXN,https://www.properstar.es/listing/81986966,Piso,2 habitación/es,2 Habit.,2 Baño.,160 m²
39,Renta Departamento en Be Grand Contadero a Estrenar,Ciudad de México,25.000 MXN,https://www.properstar.es/listing/81986898,Piso,6 habitación/es,2 Habit.,2 Baño.,101 m²
40,"Departamento en renta en la colonia Nápoles, a 5 minutos del World Trade Center","Ciudad de México, 36 Colorado",17.500 MXN,https://www.properstar.es/listing/82066552,Piso,7 habitación/es,2 Habit.,2 Baño.,80.65 m²
41,Rento Departamento en Santa Fe - Residencial La Campiña (Mantenimiento Incluido),"Ciudad de México, Av. Vasco de Quiroga",25.000 MXN,https://www.properstar.es/listing/81986964,Piso,2 habitación/es,2 Habit.,2 Baño.,160 m²
42,DEPARTAMENTO EN RENTA DE TRES HABITACIONES UNIDAD VICENTE GUERRERO FRENTE AL HOSPITAL GENERAL 47 DEL IMSS,Ciudad de México,7500 MXN,https://www.properstar.es/listing/81986958,Piso,3 habitación/es,3 Habit.,1 Baño.,90 m²
43,"PENT HOUSE RECIÉN REMODELADO EN COLONIA DEL VALLE, CENTRO.",Ciudad de México,18.000 MXN,https://www.properstar.es/listing/81915658,Piso,3 habitación/es,3 Habit.,,131.7 m²
44,Departamento exclusivo en Residencial Aruna a sólo 5 minutos de Santa Fe,Ciudad de México,23.000 MXN,https://www.properstar.es/listing/81876968,Piso,6 habitación/es,2 Habit.,2 Baño.,130 m²
45,"Departamento en renta, Blum Santa Fe.",Ciudad de México,24.000 MXN,https://www.properstar.es/listing/75985370,Piso,4 habitación/es,2 Habit.,2 Baño.,102 m²
46,HERMOSO DEPARTAMENTO EN RENTA DE 3 NIVELES TIPO TOWN HOUSE EN EL CENTRO DE COYOACAN,Ciudad de México,22.500 MXN,https://www.properstar.es/listing/79114422,Piso,2 habitación/es,2 Habit.,2 Baño.,100 m²
47,"Casa de Revista 7 Recámaras, Alberca y Terraza",Ciudad de México,150.000 MXN,https://www.properstar.es/listing/71056097,Casa independiente,7 habitación/es,7 Habit.,7 Baño.,925 m²
48,"La mejor casa del poniente, Aprovecha Oportunidad Fracc. Cerrado",Ciudad de México,80.000 MXN,https://www.properstar.es/listing/74364479,Casa independiente,3 habitación/es,3 Habit.,3 Baño.,800 m²
49,"Departamento en RENTA con amplia terraza, amenidades, 3 recamaras 2.5 baños 2 estacionamientos cerca de hospitales, universidades, estadio azteca, seguridad.",Ciudad de México,28.000 MXN,https://www.properstar.es/listing/79114366,Piso,3 habitación/es,3 Habit.,2 Baño.,145 m²
50,"Departamento en Renta Semiamueblado en Parque Reforma $95,000 y sin amueblar 86,000 con mantenimiento incluido .",Ciudad de México,86.000 MXN,https://www.properstar.es/listing/70443224,Piso,4 habitación/es,3 Habit.,3 Baño.,330 m²
51,"ILUMINADO, CERCA DE TODOS LOS CORPORATIVOS DE SANTA FE",Ciudad de México,18.540 MXN,https://www.properstar.es/listing/80398177,Piso,1 habitación/es,1 Habit.,1 Baño.,72 m²
52,MODERNO DEPARTAMENTO EN RENTA CON GRAN UBICACIÓN,Ciudad de México,16.500 MXN,https://www.properstar.es/listing/81875656,Piso,2 habitación/es,2 Habit.,2 Baño.,70 m²
53,"Departamento con balcón y Roof garden en Nonoalco, excelente ubicación. Sin amueblar",Ciudad de México,20.000 MXN,https://www.properstar.es/listing/81903290,Piso,2 habitación/es,2 Habit.,2 Baño.,63.35 m²
54,Perfecto departamento,Ciudad de México,14.000 MXN,https://www.properstar.es/listing/81113687,Piso,5 habitación/es,2 Habit.,1 Baño.,71 m²
55,Vive en residencial Polarea Nuevo Polanco,Ciudad de México,17.500 MXN,https://www.properstar.es/listing/74375499,Piso,1 habitación/es,1 Habit.,1 Baño.,52 m²
56,"RENTA AMUEBLADO GARDEN DE LUJO, V SECCION POLANCO, $5000 Dlls, 2 TERRAZAS Y BALCÓN, 167 M2, 2 REC., SALA TV, 2 ESTACIONAMIENTOS","Ciudad de México, 415 EMERSON",100.187 MXN,https://www.properstar.es/listing/73357980,Piso,10 habitación/es,2 Habit.,3 Baño.,167 m²
57,"Casa en Renta, con uso de suelo para Oficinas en Anzures, sobre Thiers",Ciudad de México,80.000 MXN,https://www.properstar.es/listing/81876970,Casa independiente,4 habitación/es,4 Habit.,4 Baño.,320 m²
58,Increible Depto en Renta en la Mejor colonia San Jose Insurgentes Guadalupe Inn,Ciudad de México,15.500 MXN,https://www.properstar.es/listing/79657498,Piso,2 habitación/es,2 Habit.,1 Baño.,85 m²
59,Departamento en Renta en Colonia Granada,"Ciudad de México, 35 Lago Margarita",17.000 MXN,https://www.properstar.es/listing/79058774,Piso,2 habitación/es,2 Habit.,1 Baño.,98 m²
60,"DEPARTAMENTO EN RENTA EN POLANCO ""MUY EXCLUSIVO Y LUJOSO EN EL CORAZÓN DE POLANCO"" PARA ESTRENAR POR REMODELACION AL 100","Ciudad de México, Galileo",100.000 MXN,https://www.properstar.es/listing/81835285,Piso,4 habitación/es,4 Habit.,5 Baño.,271.78 m²
61,Espectacular Departamento en Renta Super Vista Super Ubicación De Revista,Ciudad de México,75.000 MXN,https://www.properstar.es/listing/74408438,Piso,2 habitación/es,2 Habit.,2 Baño.,365 m²
62,RENTA ESPECTACULAR DEPARTAMENTO AMUEBLADO EN POLANCO ARQUIMEDES ESQ. RUBEN DARIO,Ciudad de México,85.000 MXN,https://www.properstar.es/listing/81835149,Piso,10 habitación/es,3 Habit.,3 Baño.,320 m²
63,Renta departamento Latitud Polanco,"Ciudad de México, 453 Lago Estefanía",18.000 MXN,https://www.properstar.es/listing/81046891,Piso,4 habitación/es,1 Habit.,1 Baño.,55 m²
64,"VIVE CON LUJO, DEPARTAMENTO EN RESIDENCIAL BOULEVARD REFORMA II ESTA EXCLUSIVA ZONA DE SANTA FE, TE ESTA ESPERANDO","Ciudad de México, 3007 Constituyente C. Echanove",55.000 MXN,https://www.properstar.es/listing/80342707,Piso,12 habitación/es,3 Habit.,4 Baño.,380 m²
65,"Departamento Con o Sin Muebles Versalles, Juarez","Ciudad de México, 85 Versalles",20.000 MXN,https://www.properstar.es/listing/81144861,Piso,9 habitación/es,2 Habit.,1 Baño.,87 m²
66,DEPARTAMENTO EN RENTA MIGUEL HIDALGO ALVARO OBREGON,Ciudad de México,17.000 MXN,https://www.properstar.es/listing/81835316,Piso,6 habitación/es,2 Habit.,2 Baño.,76.2 m²
67,Departamento amueblado en renta con balcón. Cosmocrat Santa Fe,"Ciudad de México, 307 prolongacion paseo de la reforma",19.500 MXN,https://www.properstar.es/listing/79140723,Piso,9 habitación/es,2 Habit.,2 Baño.,81 m²
68,“PRECIOSO DEPARTAMENTO AMUEBLADO EN RENTA EN POLANCO III SECCIÓN”,"Ciudad de México, Av. Homero",80.000 MXN,https://www.properstar.es/listing/75950802,Piso,3 habitación/es,3 Habit.,3 Baño.,300 m²
69,"Departamento en Renta Colonia Juarez, Cuauhtemoc, CDMX.",Ciudad de México,90.000 MXN,https://www.properstar.es/listing/78251096,Piso,5 habitación/es,2 Habit.,2 Baño.,270 m²
70,RENTA DE PENTHOUSE 2 NIVELES EN LINDAVISTA PERNAMBUCO SEMI AMUEBLADO,Ciudad de México,45.000 MXN,https://www.properstar.es/listing/81046890,Piso,4 habitación/es,4 Habit.,3 Baño.,420 m²
71,Loft con terraza en A.V. Prolongación Santa Fé Blum,Ciudad de México,16.500 MXN,https://www.properstar.es/listing/79005659,Piso,5 habitación/es,1 Habit.,1 Baño.,51 m²
72,"Renta Casa Lomas de Chapultepec Zona de Reforma, Bosques de las Lomas, Santa Fe 1000 m2 Entrega Inmediata",Ciudad de México,155.000 MXN,https://www.properstar.es/listing/74375493,Casa independiente,20 habitación/es,4 Habit.,3 Baño.,1200 m²
73,"Departamento en Río Niagara, nuevo al mercado con extraordinaria ubicación y en perfecto estado,",Ciudad de México,18.000 MXN,https://www.properstar.es/listing/81876969,Piso,2 habitación/es,2 Habit.,1 Baño.,79 m²
74,DEPARTAMENTO EN RENTA EN COLONIA ANÁHUAC IDEAL PARA ESTUDIANTES,"Ciudad de México, 34 LAGO ONEGA",6000 MXN,https://www.properstar.es/listing/81084489,Piso,2 habitación/es,2 Habit.,1 Baño.,55 m²
75,"RENTA DE CASA EN SAN JERÓNIMO CON JARDÍN $16,000 CON MANTENIMIENTO INCLUIDO",Ciudad de México,16.000 MXN,https://www.properstar.es/listing/81835311,Casa con terraza,2 habitación/es,2 Habit.,1 Baño.,110 m²
76,DEPARTAMENTO EN RENTA EN SANTA FE JAVIER BARROS SIERRA,Ciudad de México,23.500 MXN,https://www.properstar.es/listing/80342471,Piso,2 habitación/es,2 Habit.,2 Baño.,110 m²
77,Casa en renta cerca TEC de Monterrey y zona de Hospitales,"Ciudad de México, 30 Rincón",40.000 MXN,https://www.properstar.es/listing/81865186,Casa independiente,3 habitación/es,3 Habit.,3 Baño.,450 m²
78,"Local Comercial, 150 m2, Secretaría de Marina, Lomas del Chamizal, $50,000 (con opción de rentar la mitad del piso)",Ciudad de México,50.000 MXN,https://www.properstar.es/listing/70397694,Piso,6 habitación/es,,2 Baño.,150 m²
79,"Renta de Casa en Lomas de Vista Hermosa, Cuajimalpa. En privada",Ciudad de México,59.000 MXN,https://www.properstar.es/listing/70397501,Casa independiente,4 habitación/es,4 Habit.,4 Baño.,600 m²
80,Departamento en Renta en calle Sara - Venustiano Carranza,Ciudad de México,14.500 MXN,https://www.properstar.es/listing/81903335,Piso,2 habitación/es,2 Habit.,2 Baño.,78 m²
81,DEPARTAMENTO EN RENTA EN CALZADA DESIERTO DE LOS LEONES,Ciudad de México,12.000 MXN,https://www.properstar.es/listing/81876556,Piso,3 habitación/es,2 Habit.,3 Baño.,100 m²
82,Casa en Renta Colonia Santa Ursula Xitla Tlalpan CDMX,Ciudad de México,28.000 MXN,https://www.properstar.es/listing/79140722,Casa independiente,3 habitación/es,3 Habit.,4 Baño.,306 m²
83,"Renta Departamento Colonia Roma Norte,",Ciudad de México,17.500 MXN,https://www.properstar.es/listing/79657555,Piso,3 habitación/es,3 Habit.,1 Baño.,80 m²
84,AMPLIA Y CÓMODA CASA EN RENTA ! VISTA ESPECTACULAR A LA TRANQUILIDAD DEL BOSQUE,Ciudad de México,20.000 MXN,https://www.properstar.es/listing/79005651,Piso,9 habitación/es,3 Habit.,2 Baño.,100.95 m²
85,Muy Barato Extraordinario departamento en super desarrollo con amenidades,Ciudad de México,13.000 MXN,https://www.properstar.es/listing/79657496,Piso,1 habitación/es,1 Habit.,1 Baño.,55 m²
86,SE RENTA DEPARTAMENTO EN WE SANTA FE a estrenar.,Ciudad de México,28.000 MXN,https://www.properstar.es/listing/79114392,Piso,2 habitación/es,2 Habit.,,101 m²
87,Departamento de Lujo con Domótica en Renta Torre Barcelona City Santa Fe,Ciudad de México,37.000 MXN,https://www.properstar.es/listing/73875729,Piso,2 habitación/es,2 Habit.,2 Baño.,105 m²
88,CASA EN RENTA- CABRIO-LOMAS SAN ANGEL INN -TELEVISA - SAN ANGEL,Ciudad de México,35.500 MXN,https://www.properstar.es/listing/80856259,Casa con terraza,4 habitación/es,4 Habit.,3 Baño.,294 m²
89,DEPARTAMENTO EN RENTA DE 140M2 EN PRIMER NIVEL EXTERIOR UBICADO EN LA COLONIA ESCANDÓN,Ciudad de México,18.500 MXN,https://www.properstar.es/listing/78811760,Piso,2 habitación/es,2 Habit.,2 Baño.,140 m²
90,Renta Departamento Benito Juárez Cerca de Vértiz Narvarte,Ciudad de México,12.500 MXN,https://www.properstar.es/listing/81600259,Piso,2 habitación/es,2 Habit.,,73 m²
91,"RENTA DEPARTAMENTO A ESTRENAR 68 MTS LOMAS DE CHAMIZAL $14,000.00",Ciudad de México,14.000 MXN,https://www.properstar.es/listing/77520973,Piso,2 habitación/es,2 Habit.,1 Baño.,68 m²
92,DEPARTAMENTO EN RENTA ACACIAS DEL VALLE,Ciudad de México,21.600 MXN,https://www.properstar.es/listing/80263242,Piso,3 habitación/es,3 Habit.,3 Baño.,198 m²
93,AMPLIO DEPARTAMENTO NUEVO EN RENTA EN PLANTA BAJA A UNA CUADRA DE DIVISIÓN DEL NORTE Y LA ALBERCA OLIMPICA LISTO PARA ESTRENAR,"Ciudad de México, 1005 BIS SEVILLA",13.000 MXN,https://www.properstar.es/listing/80856260,Piso,2 habitación/es,2 Habit.,1 Baño.,60 m²
94,"Super Departamento en Renta Narvarte, como nuevo",Ciudad de México,16.500 MXN,https://www.properstar.es/listing/78811678,Piso,2 habitación/es,2 Habit.,2 Baño.,75 m²
95,Departamento en Renta - Tepeyac Insurgentes,"Ciudad de México, 3 Atepoxco",10.800 MXN,https://www.properstar.es/listing/80805648,Piso,3 habitación/es,3 Habit.,1 Baño.,76 m²
96,"Departamento PH en Renta en Lomas del Chamizal, $17,000, balcón, 3 recámaras, 3 baños, elevador, roof garden con asadores","Ciudad de México, 5 Cañoneros de Guanajuato",17.000 MXN,https://www.properstar.es/listing/81600331,Piso,8 habitación/es,3 Habit.,3 Baño.,79 m²
97,Eje 8 - Av Popocatepetl - Departamento 3 recámaras,"Ciudad de México, 243 Eje 8 Sur Av Popocatepetl",21.500 MXN,https://www.properstar.es/listing/80900588,Piso,3 habitación/es,3 Habit.,2 Baño.,109 m²
98,EXELENTEN DEPTO B GRAND EN RENTA,Ciudad de México,22.000 MXN,https://www.properstar.es/listing/81727887,Piso,,,,
99,Hermoso Departamento en el mejor desarrollo de Santa Fe,Ciudad de México,65.000 MXN,https://www.properstar.es/listing/74302437,Piso,3 habitación/es,3 Habit.,3 Baño.,375 m²
100,Renta de Agradable Departamento Exterior en Benito Juárez,"Ciudad de México, 40 Hamburgo",21.500 MXN,https://www.properstar.es/listing/80231898,Piso,4 habitación/es,3 Habit.,3 Baño.,126 m²
101,Departamento AMUEBLADO en RENTA. cerca de metro Centro Médico Siglo XXI. Benito Juárez,Ciudad de México,23.500 MXN,https://www.properstar.es/listing/78856855,Piso,2 habitación/es,2 Habit.,2 Baño.,120 m²
102,"RENTA DEPARTAMENTO A ESTRENAR 72 MTS LOMAS DE CHAMIZAL $16,000.00",Ciudad de México,16.000 MXN,https://www.properstar.es/listing/77550042,Piso,2 habitación/es,2 Habit.,1 Baño.,72 m²
103,Renta Departamento Cuauhtémoc 2 recámaras. Cerca de San Cosme,Ciudad de México,13.100 MXN,https://www.properstar.es/listing/81600258,Piso,2 habitación/es,2 Habit.,,65 m²
104,Departamento en Renta SIN AMUEBLAR - La Cité Cuajimalpa,"Ciudad de México, Carretera México - Toluca",16.500 MXN,https://www.properstar.es/listing/77459217,Piso,2 habitación/es,2 Habit.,2 Baño.,80 m²
105,Rento Departamento en Residencial Carso Periférico - Miguel Hidalgo,"Ciudad de México, Blvd. Manuel Ávila Camacho",28.500 MXN,https://www.properstar.es/listing/81569643,Piso,3 habitación/es,3 Habit.,2 Baño.,103 m²
106,"DEPARTAMENTO DE DOS HABITACIONES EN RENTA SIN AVAL EN LA COLONIA DEL VALLE, CON COCINA EQUIPADA Y BAÑO, EDIFICIO PET FRIENDLY",Ciudad de México,23.199 MXN,https://www.properstar.es/listing/75194983,Piso,2 habitación/es,2 Habit.,1 Baño.,72 m²
107,"RENTA Departamento en AJUSCO Héroes de Padierna a 2 cuadras de la carretera Picacho-Ajusco cerca de Periférico, a 15 min de Insurgentes y el metrobús.","Ciudad de México, 416 Teya",16.750 MXN,https://www.properstar.es/listing/80900417,Piso,3 habitación/es,3 Habit.,3 Baño.,135 m²
108,"RENTA DEPTO LOMAS DE BEZAREZ 185 MTS $32,000.00 C/MANT INCLUIDO","Ciudad de México, 2742 PROLONGACION PASEO DE LA REFORMA",32.000 MXN,https://www.properstar.es/listing/80805649,Piso,3 habitación/es,3 Habit.,3 Baño.,185 m²
109,RENTA DPTO. DE LUJO 3 HABS. REMODELADO BOSQUES DE TABACHINES,Ciudad de México,35.000 MXN,https://www.properstar.es/listing/81630816,Piso,3 habitación/es,3 Habit.,3 Baño.,287 m²
110,"Departamento Pent House en Renta en Nuevo Polanco, Miguel HIdalgo!","Ciudad de México, 20 Lago Bangueolo",33.500 MXN,https://www.properstar.es/listing/80232011,Piso,2 habitación/es,2 Habit.,2 Baño.,125 m²
111,Departamento en Renta en Miguel Hidalgo - Residencial Caso Periférico,"Ciudad de México, Blvd. Manuel Ávila Camacho",28.500 MXN,https://www.properstar.es/listing/81569661,Piso,3 habitación/es,3 Habit.,2 Baño.,103 m²
112,"DEPARTAMENTO DE UNA HABITACIÓN EN RENTA SIN AVAL EN LA COLONIA DEL VALLE, CON COCINA EQUIPADA Y BAÑO, EDIFICIO PET FRIENDLY",Ciudad de México,19.899 MXN,https://www.properstar.es/listing/75194978,Piso,1 habitación/es,1 Habit.,1 Baño.,53 m²
113,Renta de Departamento en La Cité - Cuajimalpa - SIN AMUEBLAR,Ciudad de México,16.500 MXN,https://www.properstar.es/listing/77459216,Piso,2 habitación/es,2 Habit.,2 Baño.,80 m²
114,Departamento en RENTA San Jose Insurgente. Amueblado,Ciudad de México,16.800 MXN,https://www.properstar.es/listing/81727830,Piso,2 habitación/es,2 Habit.,2 Baño.,95 m²
115,"CASA AMUEBLADA EN RENTA CON AMPLIO JARDÍN, CONTADERO, CUAJIMALPA","Ciudad de México, 19 Apexoco",93.000 MXN,https://www.properstar.es/listing/78811706,Casa independiente,4 habitación/es,4 Habit.,4 Baño.,585 m²
116,Departamento en fraccionamiento con alberca y cancha de tenis,Ciudad de México,14.000 MXN,https://www.properstar.es/listing/78952969,Piso,2 habitación/es,2 Habit.,2 Baño.,120 m²
117,"Departamento en renta, con balcón. A una cuadra de Zaragoza y del metro Moctezuma","Ciudad de México, 51 Francisco Espejel",9200 MXN,https://www.properstar.es/listing/80263241,Piso,4 habitación/es,2 Habit.,1 Baño.,55 m²
118,"Departamento en Renta, Nápoles, zona Trendy de la ciudad de México, 3 recamaras.",Ciudad de México,18.100 MXN,https://www.properstar.es/listing/81727628,Piso,6 habitación/es,3 Habit.,2 Baño.,110 m²
119,DEPARTAMENTO EN RENTA EN SANTA FE JAVIER BARRO SIERRA,Ciudad de México,26.000 MXN,https://www.properstar.es/listing/80900054,Piso,3 habitación/es,3 Habit.,2 Baño.,147 m²
120,BONITO DEPARTAMENTO EN RENTA EN COL. GRANADA,Ciudad de México,23.000 MXN,https://www.properstar.es/listing/78175723,Piso,3 habitación/es,3 Habit.,2 Baño.,190 m²
121,"DEPARTAMENTO DE UNA HABITACIÓN EN RENTA SIN AVAL EN LA COLONIA DEL VALLE, CON COCINA EQUIPADA Y BAÑO, EDIFICIO PET FRIENDLY",Ciudad de México,15.599 MXN,https://www.properstar.es/listing/75155854,Piso,1 habitación/es,1 Habit.,1 Baño.,44 m²
122,"PH REMODELADO Frente al Parque, San José insurgentes, Guadalupe Inn, Insurgentes Mixcoac",Ciudad de México,45.000 MXN,https://www.properstar.es/listing/79363002,Piso,3 habitación/es,3 Habit.,4 Baño.,263 m²
123,"RENTA. SAN JERONIMO, TIZAPAN SAN ANGEL. ALVARO OBREGON.",Ciudad de México,14.500 MXN,https://www.properstar.es/listing/81478278,Piso,1 habitación/es,1 Habit.,1 Baño.,100 m²
124,Departamentos remodelados en renta en Santa María la Ribera,"Ciudad de México, 226 Cedro",8000 MXN,https://www.properstar.es/listing/81508993,Piso,1 habitación/es,1 Habit.,1 Baño.,44 m²
125,Casa en Renta Col. Los Reyes Coyoacan,"Ciudad de México, 64 Tecla",23.000 MXN,https://www.properstar.es/listing/81413182,Casa independiente,12 habitación/es,3 Habit.,3 Baño.,200 m²
126,Excelente Departamento en Renta con Mantenimiento incluido en Ciudad de los Deportes .,"Ciudad de México, 280 Pensylvania",14.000 MXN,https://www.properstar.es/listing/80045082,Piso,4 habitación/es,2 Habit.,2 Baño.,88 m²
127,Hermoso Desarrollo de departamentos nuevos en extraordinaria ubicación,Ciudad de México,18.000 MXN,https://www.properstar.es/listing/70753353,Piso,2 habitación/es,2 Habit.,2 Baño.,102 m²
128,Casa en Renta Boulevard Virreyes - Lomas de Chapultepec IV Sección,Ciudad de México,120.225 MXN,https://www.properstar.es/listing/77381852,Casa independiente,4 habitación/es,4 Habit.,4 Baño.,500 m²
129,DEPARTAMENTO EN RENTA NARVARTE,Ciudad de México,25.500 MXN,https://www.properstar.es/listing/80743848,Piso,8 habitación/es,2 Habit.,2 Baño.,72.56 m²
130,RENTA DE CASA AMUEBLADA EL MIRADOR,Ciudad de México,13.750 MXN,https://www.properstar.es/listing/79363028,Casa independiente,2 habitación/es,2 Habit.,2 Baño.,112 m²
131,"DEPARTAMENTO EN RENTA SIN AVAL COMPLETAMENTE AMUEBLADO EN LA CONDESA CON SERVICIOS INCLUIDOS, EN EDIFICIO PET FRIENDLY",Ciudad de México,27.800 MXN,https://www.properstar.es/listing/77332981,Piso,1 habitación/es,1 Habit.,1 Baño.,51 m²
132,Departamento en Renta en Residencial Scala de Santa Fe,"Ciudad de México, Av. Vasco de Quiroga",23.000 MXN,https://www.properstar.es/listing/76386453,Piso,8 habitación/es,2 Habit.,2 Baño.,120 m²
133,"DEPARTAMENTO TIPO LOFT EN RENTA SIN AVAL EN LA COLONIA DEL VALLE, CON COCINA EQUIPADA Y BAÑO, EDIFICIO PET FRIENDLY",Ciudad de México,14.800 MXN,https://www.properstar.es/listing/75155855,Piso,1 habitación/es,1 Habit.,1 Baño.,30 m²
134,Rento Departamento en Santa Fe - Residencial La Campiña (Mantenimiento Incluido),"Ciudad de México, Av. Vasco de Quiroga",25.000 MXN,https://www.properstar.es/listing/80743844,Piso,2 habitación/es,2 Habit.,2 Baño.,160 m²
135,¡¡¡ Ven y Renta una Casa de Ensueño al Sur de la CDMX !!!,Ciudad de México,29.000 MXN,https://www.properstar.es/listing/78664640,Casa independiente,6 habitación/es,2 Habit.,2 Baño.,169 m²
136,Cerca de Basílica de Guadalupe muy amplio departamento en Renta,"Ciudad de México, Calzada de Guadalupe",15.000 MXN,https://www.properstar.es/listing/75734634,Piso,3 habitación/es,3 Habit.,2 Baño.,150 m²
137,"RENTA departamento a estrenar, 1 Rec., en le Yaqui, con bodega.","Ciudad de México, 5095 Carretera México - Toluca",11.000 MXN,https://www.properstar.es/listing/80766602,Piso,4 habitación/es,1 Habit.,1 Baño.,45.32 m²
138,Departamento en Renta Residencial Scala - Santa Fé,"Ciudad de México, 4309 Av. Vasco de Quiroga",23.000 MXN,https://www.properstar.es/listing/76386454,Piso,8 habitación/es,2 Habit.,2 Baño.,120 m²
139,PENTHOUSE CON TERRAZA EN AVENIDA SANTA FE,Ciudad de México,33.500 MXN,https://www.properstar.es/listing/78638118,Piso,6 habitación/es,2 Habit.,2 Baño.,140 m²
140,"CASA EN CONDOMINIO HORIZONTAL EN RENTA, CASTORENA, CUAJIMALPA, CDMX",Ciudad de México,25.700 MXN,https://www.properstar.es/listing/71937665,Casa con terraza,3 habitación/es,3 Habit.,2 Baño.,170 m²
141,"DEPARTAMENTO EN RENTA $28,500",Ciudad de México,28.500 MXN,https://www.properstar.es/listing/79305814,Piso,6 habitación/es,2 Habit.,2 Baño.,225 m²
142,DEPARTAMENTO AMUEBLADO A 5 MINUTOS DE SANTA FE,Ciudad de México,12.000 MXN,https://www.properstar.es/listing/70677302,Piso,1 habitación/es,1 Habit.,1 Baño.,45 m²
143,AMPLIO DEPARTAMENTO EN RENTA AMUEBLADO SOBRE CALLE AMSTERDAM COL. CONDESA EN LA MEJOR ZON PARA VIVIR EN LA CDMX,Ciudad de México,25.000 MXN,https://www.properstar.es/listing/80684993,Piso,2 habitación/es,2 Habit.,1 Baño.,97 m²
144,"¡Estrena departamento con roof garden privado, en zona céntrica!","Ciudad de México, 320 Calle 4 Prolongación Naranjo Sabino",15.500 MXN,https://www.properstar.es/listing/81444595,Piso,2 habitación/es,2 Habit.,2 Baño.,61.93 m²
145,RENTA DE LUJOSA CASA EN CUMBRES DE SANTA FE CON JARDIN Y TERRAZA,Ciudad de México,140.000 MXN,https://www.properstar.es/listing/81509046,Casa con terraza,4 habitación/es,4 Habit.,6 Baño.,415 m²
146,"El mejor departamento Super Terraza Privada, Chimalistac, San Angel, La Bombilla",Ciudad de México,28.000 MXN,https://www.properstar.es/listing/78664634,Piso,3 habitación/es,3 Habit.,2 Baño.,135 m²
147,Departamento en Renta en Citta San Jerónimo,Ciudad de México,14.000 MXN,https://www.properstar.es/listing/79385763,Piso,1 habitación/es,1 Habit.,1 Baño.,54 m²
148,Departamentos remodelados con balcón en renta en Santa María la Ribera,Ciudad de México,10.200 MXN,https://www.properstar.es/listing/81508992,Piso,2 habitación/es,2 Habit.,1 Baño.,63 m²
149,Casa en Renta en Lomas de Chapultepec IV Sección - Blvd. Virreyes,"Ciudad de México, Boulevard de Los Virreyes",120.225 MXN,https://www.properstar.es/listing/77381851,Casa independiente,4 habitación/es,4 Habit.,4 Baño.,500 m²
150,Departamentos remodelados con y sin balcón en renta col. Santa María la Ribera,Ciudad de México,11.400 MXN,https://www.properstar.es/listing/81508991,Piso,2 habitación/es,2 Habit.,1 Baño.,72 m²
151,Departamento en RENTA frente al TEC DE MONTERREY y cerca de ZONA DE HOSPITALES.,"Ciudad de México, 4999 Periferico Sur",15.000 MXN,https://www.properstar.es/listing/79826562,Piso,,,,110 m²
152,"La Mejor Alternativa de Cumbres de Santa Fe, Renta Basalto","Ciudad de México, 100 Carlos Lazo Basalto",80.000 MXN,https://www.properstar.es/listing/77977144,Piso,3 habitación/es,3 Habit.,3 Baño.,315 m²
153,EN RENTA / VENTA CASA A 5 MINUTOS DE SANTA FE EN LOMAS DE TARANGO,Ciudad de México,25.000 MXN,https://www.properstar.es/listing/77956223,Casa independiente,3 habitación/es,3 Habit.,2 Baño.,222.16 m²
154,"Lujoso Departamento en Renta Palmas Park $90,000",Ciudad de México,90.000 MXN,https://www.properstar.es/listing/78638121,Piso,2 habitación/es,2 Habit.,1 Baño.,480 m²
155,Atención jóvenes de Santa Fe,Ciudad de México,18.500 MXN,https://www.properstar.es/listing/78582612,Piso,3 habitación/es,1 Habit.,1 Baño.,85 m²
156,Casa con uso de suelo mixto en venta Col. Narvarte Poniente cerca de Hospital Mag Gregor,"Ciudad de México, 234 Heriberto Frias",120.000 MXN,https://www.properstar.es/listing/80524904,Casa independiente,4 habitación/es,4 Habit.,5 Baño.,788 m²
157,"SE RENTA DEPARTAMENTO EN WE SANTA FE EN $30,000.00 MXN",Ciudad de México,30.000 MXN,https://www.properstar.es/listing/78436093,Piso,2 habitación/es,2 Habit.,2 Baño.,101 m²
158,Departamento en Renta Col. Insurgentes Mixcoac,Ciudad de México,20.000 MXN,https://www.properstar.es/listing/81234175,Piso,2 habitación/es,2 Habit.,2 Baño.,120 m²
159,"DEPARTAMENTO EN PLANTA BAJA, DESARROLLO NUEVO CON VIGILANCIA, ESTACIONAMIENTO Y AREAS DE JUEGOS CERCA DEL METRO ACATITLA",Ciudad de México,6000 MXN,https://www.properstar.es/listing/76753870,Piso,2 habitación/es,2 Habit.,1 Baño.,70 m²
160,Renta Departamento en HighPark Sta Fe,Ciudad de México,50.000 MXN,https://www.properstar.es/listing/78582595,Piso,7 habitación/es,3 Habit.,2 Baño.,169 m²
161,SE RENTA DEPARTAMENTO AMUEBLADO 2 PISOS Y BALCÓN EN ARQUÍMEDES POLANCO,"Ciudad de México, 214 Arquímedes",38.500 MXN,https://www.properstar.es/listing/78513994,Piso,2 habitación/es,2 Habit.,2 Baño.,120 m²
162,"Departamento en renta a unos minutos de Santa Fe, CDMX",Ciudad de México,23.500 MXN,https://www.properstar.es/listing/80553846,Piso,7 habitación/es,2 Habit.,2 Baño.,96 m²
163,"Departamento Renta, San José de los Cedros, Cuajimalpa, CDMX.",Ciudad de México,9300 MXN,https://www.properstar.es/listing/76672101,Piso,2 habitación/es,2 Habit.,1 Baño.,70 m²
164,Departamento muy iluminado en renta en Providencia con 2 cajones de estacionamiento,Ciudad de México,20.000 MXN,https://www.properstar.es/listing/79252566,Piso,12 habitación/es,2 Habit.,3 Baño.,134 m²
165,¡A ESTRENAR! DEPARTAMENTO EN RENTA,Ciudad de México,25.000 MXN,https://www.properstar.es/listing/81263695,Piso,2 habitación/es,2 Habit.,2 Baño.,97 m²
166,LOFT EN RENTA EN EDIFICIO INTELIGENTE DE DEPARTAMENTOS NUEVOS CON EXCELENTE VISTA Y UBICACION,Ciudad de México,17.500 MXN,https://www.properstar.es/listing/73985307,Piso,1 habitación/es,1 Habit.,1 Baño.,61 m²
167,Amplio y super accesible departamento en renta en Gral Anaya BJ,Ciudad de México,20.000 MXN,https://www.properstar.es/listing/81199457,Piso,3 habitación/es,3 Habit.,3 Baño.,130 m²
168,Departamento estilo Colonial Mexicano con excelente ubicación para Ejecutivos en las lomas de Chapultepec,Ciudad de México,28.000 MXN,https://www.properstar.es/listing/74951282,Piso,6 habitación/es,2 Habit.,2 Baño.,225 m²
169,Departamento en renta San Miguel Chapultepec,"Ciudad de México, 49 Molinos del Campo",18.800 MXN,https://www.properstar.es/listing/81300200,Piso,2 habitación/es,2 Habit.,2 Baño.,82 m²
170,Depto de Lujo Polanco Lamartine RENTA AMUEBLADO,"Ciudad de México, 122 Lamartine",60.000 MXN,https://www.properstar.es/listing/80504917,Piso,2 habitación/es,2 Habit.,2 Baño.,152 m²
171,Departamento en renta en la Colonia Del Valle,"Ciudad de México, 207 Morena",14.500 MXN,https://www.properstar.es/listing/80591053,Piso,2 habitación/es,2 Habit.,2 Baño.,72 m²
172,Departamento SUPER UBICADO en Polanco,"Ciudad de México, 206 JOSE LUIS LAGRANGE",35.000 MXN,https://www.properstar.es/listing/76118589,Piso,8 habitación/es,2 Habit.,2 Baño.,250 m²
173,DEPARTAMENTO EN UNIDAD VILLA OLIMPICA DE 110M2 REMODELADO EXCELENTE UBICACIÓN SOBRE AV. INSURGENTES,Ciudad de México,19.000 MXN,https://www.properstar.es/listing/81300216,Piso,3 habitación/es,3 Habit.,2 Baño.,110 m²
174,"RENTO DEPARTAMENTO NUEVO PARA ESTRENAR CON TERRAZA, SANTA FE, CARR. MEXICO-TOLUCA $21,500.00 BAJA DE PRECIO!!",Ciudad de México,21.500 MXN,https://www.properstar.es/listing/70613948,Piso,7 habitación/es,2 Habit.,2 Baño.,87 m²
175,"Excelente departamento en Renta Av. México Coyoacán, Xoco Benito Juárez.","Ciudad de México, Av. México Coyoacán 281",20.000 MXN,https://www.properstar.es/listing/79687617,Piso,6 habitación/es,2 Habit.,2 Baño.,78 m²
176,RENTA Santa Fe Moderno Departamento Haus (naranja) Prolongación Paseo de la Reforma #1190. Iluminado. Súper ubicación. A 5 minutos del Parque la Mexicana,"Ciudad de México, 1190 Prolongación Paseo de la Reforma",26.500 MXN,https://www.properstar.es/listing/78582596,Piso,9 habitación/es,,3 Baño.,141 m²
177,Departamento Amueblado en Renta en San Ángel Plaza Loreto,"Ciudad de México, 1915 Av Revolución",31.000 MXN,https://www.properstar.es/listing/79749327,Piso,3 habitación/es,3 Habit.,3 Baño.,180.21 m²
178,Amplio departamento en Renta 3 Recámaras 2 Baños 2 Estacionamientos Col. Roma Sur,"Ciudad de México, 243 Tehuantepec",21.100 MXN,https://www.properstar.es/listing/80467756,Piso,3 habitación/es,3 Habit.,2 Baño.,110 m²
179,Departamento en Narvarte Poniente en Renta dos recamaras dos estacinamientos con amenidades,Ciudad de México,17.500 MXN,https://www.properstar.es/listing/81263868,Piso,2 habitación/es,2 Habit.,2 Baño.,65 m²
180,"Departamento en Renta $26,000 Bosques de las Lomas Amueblada o Semi Amueblado",Ciudad de México,26.000 MXN,https://www.properstar.es/listing/78582609,Piso,,,,170 m²
181,"Casa en Renta en San Nicolás Totolapan, con acceso por Fuentes del Pedregal.",Ciudad de México,22.000 MXN,https://www.properstar.es/listing/81263737,Casa con terraza,12 habitación/es,3 Habit.,5 Baño.,300 m²
182,Casa en Renta en San Nicolás Totolapan,Ciudad de México,27.500 MXN,https://www.properstar.es/listing/81335228,Casa con terraza,15 habitación/es,3 Habit.,4 Baño.,300 m²
183,Acogedor departamento en renta planta baja,Azcapotzalco,10.300 MXN,https://www.properstar.es/listing/81335254,Piso,4 habitación/es,2 Habit.,2 Baño.,69.4 m²
184,Departamento tipo medieval - Santa Úrsula Xitla,"Ciudad de México, 66 Textitlan",18.500 MXN,https://www.properstar.es/listing/80591071,Piso,2 habitación/es,2 Habit.,2 Baño.,120 m²
185,"Departamento en Renta en Parque Sur Residencial. Cerca de la ESCA Tepepan. del Tec de Monterrey, zona de hospitales y la UAM","Ciudad de México, 4860 Anillo Periférico, Blvrd. Adolfo Ruíz Cortínez",21.500 MXN,https://www.properstar.es/listing/81300202,Piso,3 habitación/es,3 Habit.,3 Baño.,100 m²
186,RENTA DEPARTAMENTO COMPLETAMENTE AMUEBLADO Y EQUIPADO EN PARQUES POLANCO,"Ciudad de México, 320 Lago Alberto",29.000 MXN,https://www.properstar.es/listing/81263873,Piso,2 habitación/es,2 Habit.,2 Baño.,117 m²
187,PH AMPLIO EN RENTA solo 3 DEPTOS EN EL EDIFICIO ( UNO POR PISO) A 10 MIN DEL MUSEO SOUMAYA,"Ciudad de México, 15 Presa Las Pilas",25.000 MXN,https://www.properstar.es/listing/79167614,Piso,2 habitación/es,2 Habit.,3 Baño.,163 m²
188,Renta de Departamento en la Del Valle - Av. Coyoacán #658,Ciudad de México,14.000 MXN,https://www.properstar.es/listing/81234329,Piso,5 habitación/es,2 Habit.,1 Baño.,70 m²
189,Renta departamento en Col. San Rafael,Ciudad de México,10.500 MXN,https://www.properstar.es/listing/81263735,Piso,2 habitación/es,2 Habit.,1 Baño.,60 m²
190,"El mejor Desarrollo Soleil, El Mejor Precio en Santa Fe",Ciudad de México,25.000 MXN,https://www.properstar.es/listing/77140538,Piso,3 habitación/es,3 Habit.,2 Baño.,135 m²
191,"Renta Loft nuevo PISO 21 Equipado-Aire Acond. Torre Mitikah Av. Churubusco, Benito Juarez","Ciudad de México, 21 Real de Mayorazgo # 130",20.000 MXN,https://www.properstar.es/listing/79657336,Piso,3 habitación/es,1 Habit.,1 Baño.,70 m²
