Id,Pokemon,Type,Hard Attack,Picture,Back _Picture
1,bulbasaur,grass,razor-wind,https://raw.githubusercontent.com/PokeAPI/sprites/master/sprites/pokemon/versions/generation-vi/x-y/shiny/1.png,https://raw.githubusercontent.com/PokeAPI/sprites/master/sprites/pokemon/back/1.png
2,ivysaur,grass,swords-dance,https://raw.githubusercontent.com/PokeAPI/sprites/master/sprites/pokemon/versions/generation-vi/x-y/shiny/2.png,https://raw.githubusercontent.com/PokeAPI/sprites/master/sprites/pokemon/back/2.png
3,venusaur,grass,swords-dance,https://raw.githubusercontent.com/PokeAPI/sprites/master/sprites/pokemon/versions/generation-vi/x-y/shiny/3.png,https://raw.githubusercontent.com/PokeAPI/sprites/master/sprites/pokemon/back/3.png
4,charmander,fire,mega-punch,https://raw.githubusercontent.com/PokeAPI/sprites/master/sprites/pokemon/versions/generation-vi/x-y/shiny/4.png,https://raw.githubusercontent.com/PokeAPI/sprites/master/sprites/pokemon/back/4.png
5,charmeleon,fire,mega-punch,https://raw.githubusercontent.com/PokeAPI/sprites/master/sprites/pokemon/versions/generation-vi/x-y/shiny/5.png,https://raw.githubusercontent.com/PokeAPI/sprites/master/sprites/pokemon/back/5.png
6,charizard,fire,mega-punch,https://raw.githubusercontent.com/PokeAPI/sprites/master/sprites/pokemon/versions/generation-vi/x-y/shiny/6.png,https://raw.githubusercontent.com/PokeAPI/sprites/master/sprites/pokemon/back/6.png
7,squirtle,water,mega-punch,https://raw.githubusercontent.com/PokeAPI/sprites/master/sprites/pokemon/versions/generation-vi/x-y/shiny/7.png,https://raw.githubusercontent.com/PokeAPI/sprites/master/sprites/pokemon/back/7.png
8,wartortle,water,mega-punch,https://raw.githubusercontent.com/PokeAPI/sprites/master/sprites/pokemon/versions/generation-vi/x-y/shiny/8.png,https://raw.githubusercontent.com/PokeAPI/sprites/master/sprites/pokemon/back/8.png
9,blastoise,water,mega-punch,https://raw.githubusercontent.com/PokeAPI/sprites/master/sprites/pokemon/versions/generation-vi/x-y/shiny/9.png,https://raw.githubusercontent.com/PokeAPI/sprites/master/sprites/pokemon/back/9.png
10,caterpie,bug,tackle,https://raw.githubusercontent.com/PokeAPI/sprites/master/sprites/pokemon/versions/generation-vi/x-y/shiny/10.png,https://raw.githubusercontent.com/PokeAPI/sprites/master/sprites/pokemon/back/10.png
11,metapod,bug,string-shot,https://raw.githubusercontent.com/PokeAPI/sprites/master/sprites/pokemon/versions/generation-vi/x-y/shiny/11.png,https://raw.githubusercontent.com/PokeAPI/sprites/master/sprites/pokemon/back/11.png
12,butterfree,bug,razor-wind,https://raw.githubusercontent.com/PokeAPI/sprites/master/sprites/pokemon/versions/generation-vi/x-y/shiny/12.png,https://raw.githubusercontent.com/PokeAPI/sprites/master/sprites/pokemon/back/12.png
13,weedle,bug,poison-sting,https://raw.githubusercontent.com/PokeAPI/sprites/master/sprites/pokemon/versions/generation-vi/x-y/shiny/13.png,https://raw.githubusercontent.com/PokeAPI/sprites/master/sprites/pokemon/back/13.png
14,kakuna,bug,string-shot,https://raw.githubusercontent.com/PokeAPI/sprites/master/sprites/pokemon/versions/generation-vi/x-y/shiny/14.png,https://raw.githubusercontent.com/PokeAPI/sprites/master/sprites/pokemon/back/14.png
15,beedrill,bug,swords-dance,https://raw.githubusercontent.com/PokeAPI/sprites/master/sprites/pokemon/versions/generation-vi/x-y/shiny/15.png,https://raw.githubusercontent.com/PokeAPI/sprites/master/sprites/pokemon/back/15.png
16,pidgey,normal,razor-wind,https://raw.githubusercontent.com/PokeAPI/sprites/master/sprites/pokemon/versions/generation-vi/x-y/shiny/16.png,https://raw.githubusercontent.com/PokeAPI/sprites/master/sprites/pokemon/back/16.png
17,pidgeotto,normal,razor-wind,https://raw.githubusercontent.com/PokeAPI/sprites/master/sprites/pokemon/versions/generation-vi/x-y/shiny/17.png,https://raw.githubusercontent.com/PokeAPI/sprites/master/sprites/pokemon/back/17.png
18,pidgeot,normal,razor-wind,https://raw.githubusercontent.com/PokeAPI/sprites/master/sprites/pokemon/versions/generation-vi/x-y/shiny/18.png,https://raw.githubusercontent.com/PokeAPI/sprites/master/sprites/pokemon/back/18.png
19,rattata,normal,cut,https://raw.githubusercontent.com/PokeAPI/sprites/master/sprites/pokemon/versions/generation-vi/x-y/shiny/19.png,https://raw.githubusercontent.com/PokeAPI/sprites/master/sprites/pokemon/back/19.png
20,raticate,normal,swords-dance,https://raw.githubusercontent.com/PokeAPI/sprites/master/sprites/pokemon/versions/generation-vi/x-y/shiny/20.png,https://raw.githubusercontent.com/PokeAPI/sprites/master/sprites/pokemon/back/20.png
21,spearow,normal,razor-wind,https://raw.githubusercontent.com/PokeAPI/sprites/master/sprites/pokemon/versions/generation-vi/x-y/shiny/21.png,https://raw.githubusercontent.com/PokeAPI/sprites/master/sprites/pokemon/back/21.png
22,fearow,normal,razor-wind,https://raw.githubusercontent.com/PokeAPI/sprites/master/sprites/pokemon/versions/generation-vi/x-y/shiny/22.png,https://raw.githubusercontent.com/PokeAPI/sprites/master/sprites/pokemon/back/22.png
23,ekans,poison,bind,https://raw.githubusercontent.com/PokeAPI/sprites/master/sprites/pokemon/versions/generation-vi/x-y/shiny/23.png,https://raw.githubusercontent.com/PokeAPI/sprites/master/sprites/pokemon/back/23.png
24,arbok,poison,bind,https://raw.githubusercontent.com/PokeAPI/sprites/master/sprites/pokemon/versions/generation-vi/x-y/shiny/24.png,https://raw.githubusercontent.com/PokeAPI/sprites/master/sprites/pokemon/back/24.png
25,pikachu,electric,mega-punch,https://raw.githubusercontent.com/PokeAPI/sprites/master/sprites/pokemon/versions/generation-vi/x-y/shiny/25.png,https://raw.githubusercontent.com/PokeAPI/sprites/master/sprites/pokemon/back/25.png
26,raichu,electric,mega-punch,https://raw.githubusercontent.com/PokeAPI/sprites/master/sprites/pokemon/versions/generation-vi/x-y/shiny/26.png,https://raw.githubusercontent.com/PokeAPI/sprites/master/sprites/pokemon/back/26.png
27,sandshrew,ground,scratch,https://raw.githubusercontent.com/PokeAPI/sprites/master/sprites/pokemon/versions/generation-vi/x-y/shiny/27.png,https://raw.githubusercontent.com/PokeAPI/sprites/master/sprites/pokemon/back/27.png
28,sandslash,ground,scratch,https://raw.githubusercontent.com/PokeAPI/sprites/master/sprites/pokemon/versions/generation-vi/x-y/shiny/28.png,https://raw.githubusercontent.com/PokeAPI/sprites/master/sprites/pokemon/back/28.png
29,nidoran-f,poison,scratch,https://raw.githubusercontent.com/PokeAPI/sprites/master/sprites/pokemon/versions/generation-vi/x-y/shiny/29.png,https://raw.githubusercontent.com/PokeAPI/sprites/master/sprites/pokemon/back/29.png
30,nidorina,poison,scratch,https://raw.githubusercontent.com/PokeAPI/sprites/master/sprites/pokemon/versions/generation-vi/x-y/shiny/30.png,https://raw.githubusercontent.com/PokeAPI/sprites/master/sprites/pokemon/back/30.png
31,nidoqueen,poison,mega-punch,https://raw.githubusercontent.com/PokeAPI/sprites/master/sprites/pokemon/versions/generation-vi/x-y/shiny/31.png,https://raw.githubusercontent.com/PokeAPI/sprites/master/sprites/pokemon/back/31.png
32,nidoran-m,poison,cut,https://raw.githubusercontent.com/PokeAPI/sprites/master/sprites/pokemon/versions/generation-vi/x-y/shiny/32.png,https://raw.githubusercontent.com/PokeAPI/sprites/master/sprites/pokemon/back/32.png
33,nidorino,poison,cut,https://raw.githubusercontent.com/PokeAPI/sprites/master/sprites/pokemon/versions/generation-vi/x-y/shiny/33.png,https://raw.githubusercontent.com/PokeAPI/sprites/master/sprites/pokemon/back/33.png
34,nidoking,poison,mega-punch,https://raw.githubusercontent.com/PokeAPI/sprites/master/sprites/pokemon/versions/generation-vi/x-y/shiny/34.png,https://raw.githubusercontent.com/PokeAPI/sprites/master/sprites/pokemon/back/34.png
35,clefairy,fairy,pound,https://raw.githubusercontent.com/PokeAPI/sprites/master/sprites/pokemon/versions/generation-vi/x-y/shiny/35.png,https://raw.githubusercontent.com/PokeAPI/sprites/master/sprites/pokemon/back/35.png
36,clefable,fairy,double-slap,https://raw.githubusercontent.com/PokeAPI/sprites/master/sprites/pokemon/versions/generation-vi/x-y/shiny/36.png,https://raw.githubusercontent.com/PokeAPI/sprites/master/sprites/pokemon/back/36.png
37,vulpix,fire,headbutt,https://raw.githubusercontent.com/PokeAPI/sprites/master/sprites/pokemon/versions/generation-vi/x-y/shiny/37.png,https://raw.githubusercontent.com/PokeAPI/sprites/master/sprites/pokemon/back/37.png
38,ninetales,fire,headbutt,https://raw.githubusercontent.com/PokeAPI/sprites/master/sprites/pokemon/versions/generation-vi/x-y/shiny/38.png,https://raw.githubusercontent.com/PokeAPI/sprites/master/sprites/pokemon/back/38.png
39,jigglypuff,normal,pound,https://raw.githubusercontent.com/PokeAPI/sprites/master/sprites/pokemon/versions/generation-vi/x-y/shiny/39.png,https://raw.githubusercontent.com/PokeAPI/sprites/master/sprites/pokemon/back/39.png
40,wigglytuff,normal,double-slap,https://raw.githubusercontent.com/PokeAPI/sprites/master/sprites/pokemon/versions/generation-vi/x-y/shiny/40.png,https://raw.githubusercontent.com/PokeAPI/sprites/master/sprites/pokemon/back/40.png
41,zubat,poison,razor-wind,https://raw.githubusercontent.com/PokeAPI/sprites/master/sprites/pokemon/versions/generation-vi/x-y/shiny/41.png,https://raw.githubusercontent.com/PokeAPI/sprites/master/sprites/pokemon/back/41.png
42,golbat,poison,razor-wind,https://raw.githubusercontent.com/PokeAPI/sprites/master/sprites/pokemon/versions/generation-vi/x-y/shiny/42.png,https://raw.githubusercontent.com/PokeAPI/sprites/master/sprites/pokemon/back/42.png
43,oddish,grass,swords-dance,https://raw.githubusercontent.com/PokeAPI/sprites/master/sprites/pokemon/versions/generation-vi/x-y/shiny/43.png,https://raw.githubusercontent.com/PokeAPI/sprites/master/sprites/pokemon/back/43.png
44,gloom,grass,swords-dance,https://raw.githubusercontent.com/PokeAPI/sprites/master/sprites/pokemon/versions/generation-vi/x-y/shiny/44.png,https://raw.githubusercontent.com/PokeAPI/sprites/master/sprites/pokemon/back/44.png
45,vileplume,grass,swords-dance,https://raw.githubusercontent.com/PokeAPI/sprites/master/sprites/pokemon/versions/generation-vi/x-y/shiny/45.png,https://raw.githubusercontent.com/PokeAPI/sprites/master/sprites/pokemon/back/45.png
46,paras,bug,scratch,https://raw.githubusercontent.com/PokeAPI/sprites/master/sprites/pokemon/versions/generation-vi/x-y/shiny/46.png,https://raw.githubusercontent.com/PokeAPI/sprites/master/sprites/pokemon/back/46.png
47,parasect,bug,scratch,https://raw.githubusercontent.com/PokeAPI/sprites/master/sprites/pokemon/versions/generation-vi/x-y/shiny/47.png,https://raw.githubusercontent.com/PokeAPI/sprites/master/sprites/pokemon/back/47.png
48,venonat,bug,tackle,https://raw.githubusercontent.com/PokeAPI/sprites/master/sprites/pokemon/versions/generation-vi/x-y/shiny/48.png,https://raw.githubusercontent.com/PokeAPI/sprites/master/sprites/pokemon/back/48.png
49,venomoth,bug,razor-wind,https://raw.githubusercontent.com/PokeAPI/sprites/master/sprites/pokemon/versions/generation-vi/x-y/shiny/49.png,https://raw.githubusercontent.com/PokeAPI/sprites/master/sprites/pokemon/back/49.png
50,diglett,ground,scratch,https://raw.githubusercontent.com/PokeAPI/sprites/master/sprites/pokemon/versions/generation-vi/x-y/shiny/50.png,https://raw.githubusercontent.com/PokeAPI/sprites/master/sprites/pokemon/back/50.png
51,dugtrio,ground,scratch,https://raw.githubusercontent.com/PokeAPI/sprites/master/sprites/pokemon/versions/generation-vi/x-y/shiny/51.png,https://raw.githubusercontent.com/PokeAPI/sprites/master/sprites/pokemon/back/51.png
52,meowth,normal,pay-day,https://raw.githubusercontent.com/PokeAPI/sprites/master/sprites/pokemon/versions/generation-vi/x-y/shiny/52.png,https://raw.githubusercontent.com/PokeAPI/sprites/master/sprites/pokemon/back/52.png
53,persian,normal,pay-day,https://raw.githubusercontent.com/PokeAPI/sprites/master/sprites/pokemon/versions/generation-vi/x-y/shiny/53.png,https://raw.githubusercontent.com/PokeAPI/sprites/master/sprites/pokemon/back/53.png
54,psyduck,water,mega-punch,https://raw.githubusercontent.com/PokeAPI/sprites/master/sprites/pokemon/versions/generation-vi/x-y/shiny/54.png,https://raw.githubusercontent.com/PokeAPI/sprites/master/sprites/pokemon/back/54.png
55,golduck,water,mega-punch,https://raw.githubusercontent.com/PokeAPI/sprites/master/sprites/pokemon/versions/generation-vi/x-y/shiny/55.png,https://raw.githubusercontent.com/PokeAPI/sprites/master/sprites/pokemon/back/55.png
56,mankey,fighting,karate-chop,https://raw.githubusercontent.com/PokeAPI/sprites/master/sprites/pokemon/versions/generation-vi/x-y/shiny/56.png,https://raw.githubusercontent.com/PokeAPI/sprites/master/sprites/pokemon/back/56.png
57,primeape,fighting,karate-chop,https://raw.githubusercontent.com/PokeAPI/sprites/master/sprites/pokemon/versions/generation-vi/x-y/shiny/57.png,https://raw.githubusercontent.com/PokeAPI/sprites/master/sprites/pokemon/back/57.png
58,growlithe,fire,double-kick,https://raw.githubusercontent.com/PokeAPI/sprites/master/sprites/pokemon/versions/generation-vi/x-y/shiny/58.png,https://raw.githubusercontent.com/PokeAPI/sprites/master/sprites/pokemon/back/58.png
59,arcanine,fire,headbutt,https://raw.githubusercontent.com/PokeAPI/sprites/master/sprites/pokemon/versions/generation-vi/x-y/shiny/59.png,https://raw.githubusercontent.com/PokeAPI/sprites/master/sprites/pokemon/back/59.png
60,poliwag,water,double-slap,https://raw.githubusercontent.com/PokeAPI/sprites/master/sprites/pokemon/versions/generation-vi/x-y/shiny/60.png,https://raw.githubusercontent.com/PokeAPI/sprites/master/sprites/pokemon/back/60.png
61,poliwhirl,water,double-slap,https://raw.githubusercontent.com/PokeAPI/sprites/master/sprites/pokemon/versions/generation-vi/x-y/shiny/61.png,https://raw.githubusercontent.com/PokeAPI/sprites/master/sprites/pokemon/back/61.png
62,poliwrath,water,double-slap,https://raw.githubusercontent.com/PokeAPI/sprites/master/sprites/pokemon/versions/generation-vi/x-y/shiny/62.png,https://raw.githubusercontent.com/PokeAPI/sprites/master/sprites/pokemon/back/62.png
63,abra,psychic,mega-punch,https://raw.githubusercontent.com/PokeAPI/sprites/master/sprites/pokemon/versions/generation-vi/x-y/shiny/63.png,https://raw.githubusercontent.com/PokeAPI/sprites/master/sprites/pokemon/back/63.png
64,kadabra,psychic,mega-punch,https://raw.githubusercontent.com/PokeAPI/sprites/master/sprites/pokemon/versions/generation-vi/x-y/shiny/64.png,https://raw.githubusercontent.com/PokeAPI/sprites/master/sprites/pokemon/back/64.png
65,alakazam,psychic,mega-punch,https://raw.githubusercontent.com/PokeAPI/sprites/master/sprites/pokemon/versions/generation-vi/x-y/shiny/65.png,https://raw.githubusercontent.com/PokeAPI/sprites/master/sprites/pokemon/back/65.png
66,machop,fighting,karate-chop,https://raw.githubusercontent.com/PokeAPI/sprites/master/sprites/pokemon/versions/generation-vi/x-y/shiny/66.png,https://raw.githubusercontent.com/PokeAPI/sprites/master/sprites/pokemon/back/66.png
67,machoke,fighting,karate-chop,https://raw.githubusercontent.com/PokeAPI/sprites/master/sprites/pokemon/versions/generation-vi/x-y/shiny/67.png,https://raw.githubusercontent.com/PokeAPI/sprites/master/sprites/pokemon/back/67.png
68,machamp,fighting,karate-chop,https://raw.githubusercontent.com/PokeAPI/sprites/master/sprites/pokemon/versions/generation-vi/x-y/shiny/68.png,https://raw.githubusercontent.com/PokeAPI/sprites/master/sprites/pokemon/back/68.png
69,bellsprout,grass,swords-dance,https://raw.githubusercontent.com/PokeAPI/sprites/master/sprites/pokemon/versions/generation-vi/x-y/shiny/69.png,https://raw.githubusercontent.com/PokeAPI/sprites/master/sprites/pokemon/back/69.png
70,weepinbell,grass,swords-dance,https://raw.githubusercontent.com/PokeAPI/sprites/master/sprites/pokemon/versions/generation-vi/x-y/shiny/70.png,https://raw.githubusercontent.com/PokeAPI/sprites/master/sprites/pokemon/back/70.png
71,victreebel,grass,swords-dance,https://raw.githubusercontent.com/PokeAPI/sprites/master/sprites/pokemon/versions/generation-vi/x-y/shiny/71.png,https://raw.githubusercontent.com/PokeAPI/sprites/master/sprites/pokemon/back/71.png
72,tentacool,water,swords-dance,https://raw.githubusercontent.com/PokeAPI/sprites/master/sprites/pokemon/versions/generation-vi/x-y/shiny/72.png,https://raw.githubusercontent.com/PokeAPI/sprites/master/sprites/pokemon/back/72.png
73,tentacruel,water,swords-dance,https://raw.githubusercontent.com/PokeAPI/sprites/master/sprites/pokemon/versions/generation-vi/x-y/shiny/73.png,https://raw.githubusercontent.com/PokeAPI/sprites/master/sprites/pokemon/back/73.png
74,geodude,rock,mega-punch,https://raw.githubusercontent.com/PokeAPI/sprites/master/sprites/pokemon/versions/generation-vi/x-y/shiny/74.png,https://raw.githubusercontent.com/PokeAPI/sprites/master/sprites/pokemon/back/74.png
75,graveler,rock,mega-punch,https://raw.githubusercontent.com/PokeAPI/sprites/master/sprites/pokemon/versions/generation-vi/x-y/shiny/75.png,https://raw.githubusercontent.com/PokeAPI/sprites/master/sprites/pokemon/back/75.png
76,golem,rock,mega-punch,https://raw.githubusercontent.com/PokeAPI/sprites/master/sprites/pokemon/versions/generation-vi/x-y/shiny/76.png,https://raw.githubusercontent.com/PokeAPI/sprites/master/sprites/pokemon/back/76.png
77,ponyta,fire,stomp,https://raw.githubusercontent.com/PokeAPI/sprites/master/sprites/pokemon/versions/generation-vi/x-y/shiny/77.png,https://raw.githubusercontent.com/PokeAPI/sprites/master/sprites/pokemon/back/77.png
78,rapidash,fire,stomp,https://raw.githubusercontent.com/PokeAPI/sprites/master/sprites/pokemon/versions/generation-vi/x-y/shiny/78.png,https://raw.githubusercontent.com/PokeAPI/sprites/master/sprites/pokemon/back/78.png
79,slowpoke,water,pay-day,https://raw.githubusercontent.com/PokeAPI/sprites/master/sprites/pokemon/versions/generation-vi/x-y/shiny/79.png,https://raw.githubusercontent.com/PokeAPI/sprites/master/sprites/pokemon/back/79.png
80,slowbro,water,mega-punch,https://raw.githubusercontent.com/PokeAPI/sprites/master/sprites/pokemon/versions/generation-vi/x-y/shiny/80.png,https://raw.githubusercontent.com/PokeAPI/sprites/master/sprites/pokemon/back/80.png
81,magnemite,electric,tackle,https://raw.githubusercontent.com/PokeAPI/sprites/master/sprites/pokemon/versions/generation-vi/x-y/shiny/81.png,https://raw.githubusercontent.com/PokeAPI/sprites/master/sprites/pokemon/back/81.png
82,magneton,electric,tackle,https://raw.githubusercontent.com/PokeAPI/sprites/master/sprites/pokemon/versions/generation-vi/x-y/shiny/82.png,https://raw.githubusercontent.com/PokeAPI/sprites/master/sprites/pokemon/back/82.png
83,farfetchd,normal,razor-wind,https://raw.githubusercontent.com/PokeAPI/sprites/master/sprites/pokemon/versions/generation-vi/x-y/shiny/83.png,https://raw.githubusercontent.com/PokeAPI/sprites/master/sprites/pokemon/back/83.png
84,doduo,normal,swords-dance,https://raw.githubusercontent.com/PokeAPI/sprites/master/sprites/pokemon/versions/generation-vi/x-y/shiny/84.png,https://raw.githubusercontent.com/PokeAPI/sprites/master/sprites/pokemon/back/84.png
85,dodrio,normal,swords-dance,https://raw.githubusercontent.com/PokeAPI/sprites/master/sprites/pokemon/versions/generation-vi/x-y/shiny/85.png,https://raw.githubusercontent.com/PokeAPI/sprites/master/sprites/pokemon/back/85.png
86,seel,water,pay-day,https://raw.githubusercontent.com/PokeAPI/sprites/master/sprites/pokemon/versions/generation-vi/x-y/shiny/86.png,https://raw.githubusercontent.com/PokeAPI/sprites/master/sprites/pokemon/back/86.png
87,dewgong,water,pay-day,https://raw.githubusercontent.com/PokeAPI/sprites/master/sprites/pokemon/versions/generation-vi/x-y/shiny/87.png,https://raw.githubusercontent.com/PokeAPI/sprites/master/sprites/pokemon/back/87.png
88,grimer,poison,pound,https://raw.githubusercontent.com/PokeAPI/sprites/master/sprites/pokemon/versions/generation-vi/x-y/shiny/88.png,https://raw.githubusercontent.com/PokeAPI/sprites/master/sprites/pokemon/back/88.png
89,muk,poison,pound,https://raw.githubusercontent.com/PokeAPI/sprites/master/sprites/pokemon/versions/generation-vi/x-y/shiny/89.png,https://raw.githubusercontent.com/PokeAPI/sprites/master/sprites/pokemon/back/89.png
90,shellder,water,tackle,https://raw.githubusercontent.com/PokeAPI/sprites/master/sprites/pokemon/versions/generation-vi/x-y/shiny/90.png,https://raw.githubusercontent.com/PokeAPI/sprites/master/sprites/pokemon/back/90.png
91,cloyster,water,take-down,https://raw.githubusercontent.com/PokeAPI/sprites/master/sprites/pokemon/versions/generation-vi/x-y/shiny/91.png,https://raw.githubusercontent.com/PokeAPI/sprites/master/sprites/pokemon/back/91.png
92,gastly,ghost,fire-punch,https://raw.githubusercontent.com/PokeAPI/sprites/master/sprites/pokemon/versions/generation-vi/x-y/shiny/92.png,https://raw.githubusercontent.com/PokeAPI/sprites/master/sprites/pokemon/back/92.png
93,haunter,ghost,fire-punch,https://raw.githubusercontent.com/PokeAPI/sprites/master/sprites/pokemon/versions/generation-vi/x-y/shiny/93.png,https://raw.githubusercontent.com/PokeAPI/sprites/master/sprites/pokemon/back/93.png
94,gengar,ghost,mega-punch,https://raw.githubusercontent.com/PokeAPI/sprites/master/sprites/pokemon/versions/generation-vi/x-y/shiny/94.png,https://raw.githubusercontent.com/PokeAPI/sprites/master/sprites/pokemon/back/94.png
95,onix,rock,bind,https://raw.githubusercontent.com/PokeAPI/sprites/master/sprites/pokemon/versions/generation-vi/x-y/shiny/95.png,https://raw.githubusercontent.com/PokeAPI/sprites/master/sprites/pokemon/back/95.png
96,drowzee,psychic,pound,https://raw.githubusercontent.com/PokeAPI/sprites/master/sprites/pokemon/versions/generation-vi/x-y/shiny/96.png,https://raw.githubusercontent.com/PokeAPI/sprites/master/sprites/pokemon/back/96.png
97,hypno,psychic,pound,https://raw.githubusercontent.com/PokeAPI/sprites/master/sprites/pokemon/versions/generation-vi/x-y/shiny/97.png,https://raw.githubusercontent.com/PokeAPI/sprites/master/sprites/pokemon/back/97.png
98,krabby,water,vise-grip,https://raw.githubusercontent.com/PokeAPI/sprites/master/sprites/pokemon/versions/generation-vi/x-y/shiny/98.png,https://raw.githubusercontent.com/PokeAPI/sprites/master/sprites/pokemon/back/98.png
99,kingler,water,vise-grip,https://raw.githubusercontent.com/PokeAPI/sprites/master/sprites/pokemon/versions/generation-vi/x-y/shiny/99.png,https://raw.githubusercontent.com/PokeAPI/sprites/master/sprites/pokemon/back/99.png
100,voltorb,electric,headbutt,https://raw.githubusercontent.com/PokeAPI/sprites/master/sprites/pokemon/versions/generation-vi/x-y/shiny/100.png,https://raw.githubusercontent.com/PokeAPI/sprites/master/sprites/pokemon/back/100.png
101,electrode,electric,headbutt,https://raw.githubusercontent.com/PokeAPI/sprites/master/sprites/pokemon/versions/generation-vi/x-y/shiny/101.png,https://raw.githubusercontent.com/PokeAPI/sprites/master/sprites/pokemon/back/101.png
102,exeggcute,grass,swords-dance,https://raw.githubusercontent.com/PokeAPI/sprites/master/sprites/pokemon/versions/generation-vi/x-y/shiny/102.png,https://raw.githubusercontent.com/PokeAPI/sprites/master/sprites/pokemon/back/102.png
103,exeggutor,grass,swords-dance,https://raw.githubusercontent.com/PokeAPI/sprites/master/sprites/pokemon/versions/generation-vi/x-y/shiny/103.png,https://raw.githubusercontent.com/PokeAPI/sprites/master/sprites/pokemon/back/103.png
104,cubone,ground,mega-punch,https://raw.githubusercontent.com/PokeAPI/sprites/master/sprites/pokemon/versions/generation-vi/x-y/shiny/104.png,https://raw.githubusercontent.com/PokeAPI/sprites/master/sprites/pokemon/back/104.png
105,marowak,ground,mega-punch,https://raw.githubusercontent.com/PokeAPI/sprites/master/sprites/pokemon/versions/generation-vi/x-y/shiny/105.png,https://raw.githubusercontent.com/PokeAPI/sprites/master/sprites/pokemon/back/105.png
106,hitmonlee,fighting,mega-punch,https://raw.githubusercontent.com/PokeAPI/sprites/master/sprites/pokemon/versions/generation-vi/x-y/shiny/106.png,https://raw.githubusercontent.com/PokeAPI/sprites/master/sprites/pokemon/back/106.png
107,hitmonchan,fighting,comet-punch,https://raw.githubusercontent.com/PokeAPI/sprites/master/sprites/pokemon/versions/generation-vi/x-y/shiny/107.png,https://raw.githubusercontent.com/PokeAPI/sprites/master/sprites/pokemon/back/107.png
108,lickitung,normal,mega-punch,https://raw.githubusercontent.com/PokeAPI/sprites/master/sprites/pokemon/versions/generation-vi/x-y/shiny/108.png,https://raw.githubusercontent.com/PokeAPI/sprites/master/sprites/pokemon/back/108.png
109,koffing,poison,tackle,https://raw.githubusercontent.com/PokeAPI/sprites/master/sprites/pokemon/versions/generation-vi/x-y/shiny/109.png,https://raw.githubusercontent.com/PokeAPI/sprites/master/sprites/pokemon/back/109.png
110,weezing,poison,tackle,https://raw.githubusercontent.com/PokeAPI/sprites/master/sprites/pokemon/versions/generation-vi/x-y/shiny/110.png,https://raw.githubusercontent.com/PokeAPI/sprites/master/sprites/pokemon/back/110.png
111,rhyhorn,ground,swords-dance,https://raw.githubusercontent.com/PokeAPI/sprites/master/sprites/pokemon/versions/generation-vi/x-y/shiny/111.png,https://raw.githubusercontent.com/PokeAPI/sprites/master/sprites/pokemon/back/111.png
112,rhydon,ground,mega-punch,https://raw.githubusercontent.com/PokeAPI/sprites/master/sprites/pokemon/versions/generation-vi/x-y/shiny/112.png,https://raw.githubusercontent.com/PokeAPI/sprites/master/sprites/pokemon/back/112.png
113,chansey,normal,pound,https://raw.githubusercontent.com/PokeAPI/sprites/master/sprites/pokemon/versions/generation-vi/x-y/shiny/113.png,https://raw.githubusercontent.com/PokeAPI/sprites/master/sprites/pokemon/back/113.png
114,tangela,grass,swords-dance,https://raw.githubusercontent.com/PokeAPI/sprites/master/sprites/pokemon/versions/generation-vi/x-y/shiny/114.png,https://raw.githubusercontent.com/PokeAPI/sprites/master/sprites/pokemon/back/114.png
115,kangaskhan,normal,comet-punch,https://raw.githubusercontent.com/PokeAPI/sprites/master/sprites/pokemon/versions/generation-vi/x-y/shiny/115.png,https://raw.githubusercontent.com/PokeAPI/sprites/master/sprites/pokemon/back/115.png
116,horsea,water,razor-wind,https://raw.githubusercontent.com/PokeAPI/sprites/master/sprites/pokemon/versions/generation-vi/x-y/shiny/116.png,https://raw.githubusercontent.com/PokeAPI/sprites/master/sprites/pokemon/back/116.png
117,seadra,water,headbutt,https://raw.githubusercontent.com/PokeAPI/sprites/master/sprites/pokemon/versions/generation-vi/x-y/shiny/117.png,https://raw.githubusercontent.com/PokeAPI/sprites/master/sprites/pokemon/back/117.png
118,goldeen,water,horn-attack,https://raw.githubusercontent.com/PokeAPI/sprites/master/sprites/pokemon/versions/generation-vi/x-y/shiny/118.png,https://raw.githubusercontent.com/PokeAPI/sprites/master/sprites/pokemon/back/118.png
119,seaking,water,horn-attack,https://raw.githubusercontent.com/PokeAPI/sprites/master/sprites/pokemon/versions/generation-vi/x-y/shiny/119.png,https://raw.githubusercontent.com/PokeAPI/sprites/master/sprites/pokemon/back/119.png
120,staryu,water,tackle,https://raw.githubusercontent.com/PokeAPI/sprites/master/sprites/pokemon/versions/generation-vi/x-y/shiny/120.png,https://raw.githubusercontent.com/PokeAPI/sprites/master/sprites/pokemon/back/120.png
121,starmie,water,tackle,https://raw.githubusercontent.com/PokeAPI/sprites/master/sprites/pokemon/versions/generation-vi/x-y/shiny/121.png,https://raw.githubusercontent.com/PokeAPI/sprites/master/sprites/pokemon/back/121.png
122,mr-mime,psychic,pound,https://raw.githubusercontent.com/PokeAPI/sprites/master/sprites/pokemon/versions/generation-vi/x-y/shiny/122.png,https://raw.githubusercontent.com/PokeAPI/sprites/master/sprites/pokemon/back/122.png
123,scyther,bug,razor-wind,https://raw.githubusercontent.com/PokeAPI/sprites/master/sprites/pokemon/versions/generation-vi/x-y/shiny/123.png,https://raw.githubusercontent.com/PokeAPI/sprites/master/sprites/pokemon/back/123.png
124,jynx,ice,pound,https://raw.githubusercontent.com/PokeAPI/sprites/master/sprites/pokemon/versions/generation-vi/x-y/shiny/124.png,https://raw.githubusercontent.com/PokeAPI/sprites/master/sprites/pokemon/back/124.png
125,electabuzz,electric,mega-punch,https://raw.githubusercontent.com/PokeAPI/sprites/master/sprites/pokemon/versions/generation-vi/x-y/shiny/125.png,https://raw.githubusercontent.com/PokeAPI/sprites/master/sprites/pokemon/back/125.png
126,magmar,fire,mega-punch,https://raw.githubusercontent.com/PokeAPI/sprites/master/sprites/pokemon/versions/generation-vi/x-y/shiny/126.png,https://raw.githubusercontent.com/PokeAPI/sprites/master/sprites/pokemon/back/126.png
127,pinsir,bug,vise-grip,https://raw.githubusercontent.com/PokeAPI/sprites/master/sprites/pokemon/versions/generation-vi/x-y/shiny/127.png,https://raw.githubusercontent.com/PokeAPI/sprites/master/sprites/pokemon/back/127.png
128,tauros,normal,stomp,https://raw.githubusercontent.com/PokeAPI/sprites/master/sprites/pokemon/versions/generation-vi/x-y/shiny/128.png,https://raw.githubusercontent.com/PokeAPI/sprites/master/sprites/pokemon/back/128.png
129,magikarp,water,tackle,https://raw.githubusercontent.com/PokeAPI/sprites/master/sprites/pokemon/versions/generation-vi/x-y/shiny/129.png,https://raw.githubusercontent.com/PokeAPI/sprites/master/sprites/pokemon/back/129.png
130,gyarados,water,headbutt,https://raw.githubusercontent.com/PokeAPI/sprites/master/sprites/pokemon/versions/generation-vi/x-y/shiny/130.png,https://raw.githubusercontent.com/PokeAPI/sprites/master/sprites/pokemon/back/130.png
131,lapras,water,headbutt,https://raw.githubusercontent.com/PokeAPI/sprites/master/sprites/pokemon/versions/generation-vi/x-y/shiny/131.png,https://raw.githubusercontent.com/PokeAPI/sprites/master/sprites/pokemon/back/131.png
132,ditto,normal,transform,https://raw.githubusercontent.com/PokeAPI/sprites/master/sprites/pokemon/versions/generation-vi/x-y/shiny/132.png,https://raw.githubusercontent.com/PokeAPI/sprites/master/sprites/pokemon/back/132.png
133,eevee,normal,sand-attack,https://raw.githubusercontent.com/PokeAPI/sprites/master/sprites/pokemon/versions/generation-vi/x-y/shiny/133.png,https://raw.githubusercontent.com/PokeAPI/sprites/master/sprites/pokemon/back/133.png
134,vaporeon,water,sand-attack,https://raw.githubusercontent.com/PokeAPI/sprites/master/sprites/pokemon/versions/generation-vi/x-y/shiny/134.png,https://raw.githubusercontent.com/PokeAPI/sprites/master/sprites/pokemon/back/134.png
135,jolteon,electric,double-kick,https://raw.githubusercontent.com/PokeAPI/sprites/master/sprites/pokemon/versions/generation-vi/x-y/shiny/135.png,https://raw.githubusercontent.com/PokeAPI/sprites/master/sprites/pokemon/back/135.png
136,flareon,fire,sand-attack,https://raw.githubusercontent.com/PokeAPI/sprites/master/sprites/pokemon/versions/generation-vi/x-y/shiny/136.png,https://raw.githubusercontent.com/PokeAPI/sprites/master/sprites/pokemon/back/136.png
137,porygon,normal,tackle,https://raw.githubusercontent.com/PokeAPI/sprites/master/sprites/pokemon/versions/generation-vi/x-y/shiny/137.png,https://raw.githubusercontent.com/PokeAPI/sprites/master/sprites/pokemon/back/137.png
138,omanyte,rock,bind,https://raw.githubusercontent.com/PokeAPI/sprites/master/sprites/pokemon/versions/generation-vi/x-y/shiny/138.png,https://raw.githubusercontent.com/PokeAPI/sprites/master/sprites/pokemon/back/138.png
139,omastar,rock,bind,https://raw.githubusercontent.com/PokeAPI/sprites/master/sprites/pokemon/versions/generation-vi/x-y/shiny/139.png,https://raw.githubusercontent.com/PokeAPI/sprites/master/sprites/pokemon/back/139.png
140,kabuto,rock,scratch,https://raw.githubusercontent.com/PokeAPI/sprites/master/sprites/pokemon/versions/generation-vi/x-y/shiny/140.png,https://raw.githubusercontent.com/PokeAPI/sprites/master/sprites/pokemon/back/140.png
141,kabutops,rock,scratch,https://raw.githubusercontent.com/PokeAPI/sprites/master/sprites/pokemon/versions/generation-vi/x-y/shiny/141.png,https://raw.githubusercontent.com/PokeAPI/sprites/master/sprites/pokemon/back/141.png
142,aerodactyl,rock,razor-wind,https://raw.githubusercontent.com/PokeAPI/sprites/master/sprites/pokemon/versions/generation-vi/x-y/shiny/142.png,https://raw.githubusercontent.com/PokeAPI/sprites/master/sprites/pokemon/back/142.png
143,snorlax,normal,mega-punch,https://raw.githubusercontent.com/PokeAPI/sprites/master/sprites/pokemon/versions/generation-vi/x-y/shiny/143.png,https://raw.githubusercontent.com/PokeAPI/sprites/master/sprites/pokemon/back/143.png
144,articuno,ice,razor-wind,https://raw.githubusercontent.com/PokeAPI/sprites/master/sprites/pokemon/versions/generation-vi/x-y/shiny/144.png,https://raw.githubusercontent.com/PokeAPI/sprites/master/sprites/pokemon/back/144.png
145,zapdos,electric,razor-wind,https://raw.githubusercontent.com/PokeAPI/sprites/master/sprites/pokemon/versions/generation-vi/x-y/shiny/145.png,https://raw.githubusercontent.com/PokeAPI/sprites/master/sprites/pokemon/back/145.png
146,moltres,fire,razor-wind,https://raw.githubusercontent.com/PokeAPI/sprites/master/sprites/pokemon/versions/generation-vi/x-y/shiny/146.png,https://raw.githubusercontent.com/PokeAPI/sprites/master/sprites/pokemon/back/146.png
147,dratini,dragon,bind,https://raw.githubusercontent.com/PokeAPI/sprites/master/sprites/pokemon/versions/generation-vi/x-y/shiny/147.png,https://raw.githubusercontent.com/PokeAPI/sprites/master/sprites/pokemon/back/147.png
148,dragonair,dragon,bind,https://raw.githubusercontent.com/PokeAPI/sprites/master/sprites/pokemon/versions/generation-vi/x-y/shiny/148.png,https://raw.githubusercontent.com/PokeAPI/sprites/master/sprites/pokemon/back/148.png
149,dragonite,dragon,fire-punch,https://raw.githubusercontent.com/PokeAPI/sprites/master/sprites/pokemon/versions/generation-vi/x-y/shiny/149.png,https://raw.githubusercontent.com/PokeAPI/sprites/master/sprites/pokemon/back/149.png
150,mewtwo,psychic,mega-punch,https://raw.githubusercontent.com/PokeAPI/sprites/master/sprites/pokemon/versions/generation-vi/x-y/shiny/150.png,https://raw.githubusercontent.com/PokeAPI/sprites/master/sprites/pokemon/back/150.png
